url,locations,people
http://www.hirameng.com/contact-page/,1,1
https://www.rangerpower.com/team,0,1
https://www.rangerpower.com/#contact,1,0
http://www.kobie.com/our-people/,0,1
http://www.kobie.com/contact-us/,1,0
http://harmoninc.com/leadership/,0,1
http://harmoninc.com/office-locations/,1,0
https://mblm.com/about-us/,0,1
https://www.rrpartners.com/people/,0,1
https://www.rrpartners.com/contact/#office-locations,1,0
https://www.bolton-menk.com/contactus,1,0
https://www.bolton-menk.com/realpeople,0,1
http://www.agency720.com/people/,0,1
http://www.agency720.com/contact/,0,1
https://bn.co/about/,1,1
https://www.sojern.com/contact/,1,0
https://www.reddoor.biz/about/,0,1
https://www.reddoor.biz/contact/,0,1
https://getzwell.com/meet-our-staff/,0,1
https://mckinney.com/us,0,1
https://mckinney.com/connect/,1,1
http://www.kobie.com/our-people/executive-team,0,1
http://www.hirameng.com/meet-the-team-2/,0,1
http://evergreengroup.com.cn/en/contact.asp,1,0
http://gracetempledallas.org/when-and-where/?view=mobile,1,0
http://gracetempledallas.org/about-us/staff-leadership/?view=mobile,0,1
https://dondees.dicksonrealty.com/profile,0,1
http://engineering.hibrise.com/contact-us/,1,0
http://www.dsidirect.com/pages/territory-map,1,0
http://www.aimitwebsolutions.com/contact/,1,0
http://edgewestllc.com/contact/,1,0
http://allsystemsonline.com/contact-us,1,0
https://axsh.jp/contact.html,1,0
https://axsh.jp/about.html,0,1
https://centralglass.com/contact/,1,0
http://www.binarybrainwave.com/contact/,1,0
http://eago.com/directory/board-of-directors/,0,1
http://eago.com/directory/honorary-members/,0,1
https://www.corumrealestate.com/contact-us/,1,0
http://chassamrecruitment.co.uk/contact/,1,0
https://www.capitalhottubs.com/contact-us/,1,0
https://childrensmattressesonline.co.uk/contact-us,1,0
http://www.blastcraftservice.com/Contact,1,0
http://gwentcables.com/meet-the-team/,0,1
https://akhcme.com/akhcme/pages/leadership,0,1
http://dermatologysouthwest.com/location-2/,1,0
http://dermatologysouthwest.com/our-staff/,0,1
https://www.beyondelegance.com/contact/,1,0
https://www.consumerinsuranceor.com/locations.aspx,1,0
https://www.consumerinsuranceor.com/contact.aspx,0,1
http://www.dakotavideo.com/contact/,1,0
https://www.anokhimedia.com/contact/,1,0
https://www.anokhimedia.com/our-team/,0,1
http://www.beyond-communications.co.uk/contact/,1,0
http://www.beyond-communications.co.uk/about/,0,1
http://getzwell.com/contact/,1,0
http://getzwell.com/meet-our-staff/,0,1
http://getzwell.com/faqs/,0,0
https://duro-last.com/plant_locations,1,0
http://atlantaveteyeclinic.com/contact/,1,0
http://atlantaveteyeclinic.com/about/avec-team/,0,1
http://atlantaveteyeclinic.com/services/,0,0
https://akronweldingschool.com/contact/,1,0
https://akronweldingschool.com/about/faculty/,0,1
http://blueeyesconsulting.com/connect/,1,0
http://blueeyesconsulting.com/about/,0,1
http://blueeyesconsulting.com/services/,0,0
https://hiddenpathfarm.weebly.com/contact.html,1,0
http://www.bdsmktg.com/contact-us/,1,0
https://www.alteryx.com/contact-us,1,0
https://www.arrowrootcapital.com/team,0,1
https://agtegra.com/Locations,1,0
https://moaonline.org/offices/,1,0
http://museumca.org/contact-us,1,0
https://www.reddoor.biz/contact/,1,0
https://www.argosy.edu/locations/hawaii,1,0
https://www.co-alliance.com/locations/,1,0
https://www.rrpartners.com/contact/,1,0
https://www.rrpartners.com/people/,0,1
https://www.rrpartners.com/people/#team-members,0,1
https://www.rrpartners.com/contact/#office-locations,1,0
https://www.agpartners.com/Locations,1,0
http://www.w2ogroup.com/contact/,1,0
http://www.wongdoody.com/about/,1,0
http://artmuseum.arizona.edu/contact,1,0
http://www.waltdisney.org/contact-us,1,0
https://www.agtegra.com/locations,1,0
https://tdhengineering.com/contact/,1,0
http://www.emkay.com/about,1,1
https://www.bvp.com/contact/israel,1,0
https://www.bvp.com/content/contact-us,1,0
https://a16z.com/about/contact/,1,0
https://www.mcasd.org/about/contact,1,0
https://www.comcastventures.com/contact,1,0
https://www.comcastventures.com/team,0,1
https://www.hutsoninc.com/locations/,1,0
http://mckinney.com/contact,1,0
https://mckinney.com/connect/,1,1
https://www.ceres.coop/Locations,1,0
https://www.avalon-ventures.com/contact,1,0
http://mblm.com/contact/,1,0
https://videologygroup.com/contact,1,0
https://sparkroom.com/contact/,1,0
http://www.huntington.org/about/,0,0
http://www.agency720.com/locations/,1,0
http://www.agency720.com/people/,0,1
https://umfa.utah.edu/index.php/contact,1,1
https://www.jdequipment.com/locations,1,0
https://www.mc-j.com/contact,1,0
https://www.bolton-menk.com/contactus,1,0
https://www.bolton-menk.com/realpeople,0,1
https://www.alteryx.com/contact-us,1,0
https://www.bohanideas.com/info-contact,1,0
https://www.groundtruth.com/contact/,1,0
https://bn.co/about/,1,1
http://ignitioncreative.com/about,0,1
https://www.setcreative.com/about,1,1
http://www.purered.net/about-us/,0,0
https://www.purered.net/our-team/,0,1
https://www.landmark.coop/contact-us/,1,0
https://www.landmark.coop/locations/,1,0
http://www.computerhistory.org/contact/,1,0
https://www.kalmbachfeeds.com/about,1,1
http://www.empowermm.com/contact-us/,1,0
https://www.martinwilliams.com/contact/,1,0
https://www.crestmark.com/locations/,1,0
http://www.montalvoarts.org/directions/,1,0
https://www.bandangels.com/contact,1,0
http://www.rrpartners.com/contact/,1,0
https://www.rrpartners.com/people/#team-members,0,1
http://mocha.org/about/staff-ta/,1,0
https://acc-corp.net/contact/,1,0
http://www.dekalbschoolsga.org/contact/,1,0
https://www.sojern.com/contact/,1,0
https://www.sojern.com/team/,0,1
https://gykantler.com/locations/,1,0
https://gykantler.com/people/,0,1
https://www.bentley.edu/contact-us-1,1,0
https://www.bentley.edu/about/directory,0,1
https://www.whitehousepost.com/contact/,1,0
https://agpartners.com/Locations,1,0
https://agencychief.com/contact,1,0
https://www.alteryx.com/de/contact-us,1,0
https://www.bvp.com/contact/westchester,1,0
http://loenbro.com/contact-us/,1,0
http://plmuseum.org/ABOUTUS.html,1,0
http://www.echo-oregon.com/contact.html,1,0
https://wehatesheep.com/about/,1,1
http://www.venablesbell.com/contact,1,1
http://www.venablesbell.com/people,0,1
https://www.slleonard.com/contact/,1,0
https://www.slleonard.com/our-people/,0,1
http://energy-1.net/contact/,1,0
http://energy-1.net/about/,0,1
https://www.ceres.coop/about#company,1,1
https://www.mychildsmuseum.org/contact,1,1
http://cactusinc.com/contact/,1,1
https://www.agency720.com/locations/,1,0
http://bchistoricalmuseum.org/contact/,1,1
https://viamediatv.com/contact/,1,0
https://www.b-reel.com/contact,1,1
https://auroracoop.com/contact-us/,1,0
https://auroracoop.com/team/advisory-board/,0,1
https://www.argosy.edu/locations/online,1,0
https://www.cimgroup.com/about/leadership,0,1
https://www.cimgroup.com/about/offices,1,0
http://www.esdglobal.com/contact,1,0
http://www.esdglobal.com/leadership,0,1
https://www.likeable.com/contact/,1,0
https://www.likeable.com/about/team/,0,1
https://faef.com/About/Contact,1,0
https://faef.com/about/team,0,1
https://www.aiag.org/about/contact-us,1,0
https://www.aib.edu.au/home/contact/,1,0
https://canaan.com/contact,1,0
https://canaan.com/team,0,1
https://appen.com/about-us/,1,0
https://appen.com/about-us/leadership/,0,1
https://www.pmg.com/contact/,1,0
https://www.harmelin.com/contact-us/,1,0
https://www.harmelin.com/our-leadership/,0,1
https://rockfishdigital.com/contact/,1,0
http://www.redscout.com/contact/,1,0
https://www.dcvc.com/contact.html,1,0
https://www.dcvc.com/team.html,0,1
https://www.thebloc.com/contact,1,1
https://www.thebloc.com/about/,0,1
http://peakenterprisescorp.com/about/,1,0
https://peakenterprisescorp.com/contact/,1,0
http://www.instrument.com/contact,1,1
https://www.instrument.com/who-we-are/,0,1
https://omeletla.com/contact/,1,1
https://www.omelet.com/people,0,1
https://2020companies.com/contactus,1,0
https://exchangesolutions.com/contact/,1,0
https://exchangesolutions.com/leadership/,0,1
https://fruitgrowers.com/locations/,1,0
https://sparkroom.com/contact,1,0
https://bowerycap.com/team/,0,1
https://www.applovin.com/contact/,1,0
https://www.applovin.com/team/,0,1
http://plmuseum.org/CONTACTUS.html,1,0
https://dpplus.com/contact.html,1,1
http://brookvillecorp.com/contact.asp,1,0
https://www.bvp.com/contact,1,0
https://www.bvp.com/team,0,1
http://thenic.org/events/locations/,1,0
http://www.gdmseeds.com/contact/,1,0
http://www.gdmseeds.com/about-us/,0,1
http://fcmod.org/contact/,1,0
http://www.phase3mc.com/contact/dallas/,1,0
https://www.phase3mc.com/our-company/executive-team/,0,1
https://clearvisionequity.com/contact/,1,0
https://clearvisionequity.com/team/,0,1
https://www.jdequipment.com/staff,0,1
https://www.vsapartners.com/contact/,1,1
https://www.kargo.com/about/#careers,1,0
http://cinnabar.com/contact-us/,1,0
http://cinnabar.com/team/,0,1
https://www.kljeng.com/who-we-are/leadership,0,1
https://www.kljeng.com/who-we-are/locations,1,0
https://nvdm.org/about/contact-us/,1,0
https://acm.com/contact/index.html,1,0
https://acm.com/team/index.html,0,1
https://www.aiuniv.edu/contact-us,1,0
http://160over90.com/contact/,1,0
https://www.co-alliance.com/contact/,1,0
https://www.motherusa.com/contact/,1,0
https://fuelonline.com/contact/,1,0
http://www.emkay.com/contact,1,0
http://www.emkay.com/about#leadership-team,0,1
http://museumdental.com/meet-the-team/,0,1
http://museumdental.com/contact-us/,1,0
https://www.seoinc.com/contact-us,1,0
https://www.seoinc.com/our-team,0,1
https://ecapital.com/contact-us/,1,0
http://www.eventures.vc/contact/,1,0
https://www.eventures.vc/team/,0,1
https://www.anacostia.com/contact-us,1,0
https://www.nuclearmuseum.org/contact/board-of-trustees/,0,1
https://www.ivieinc.com/contact/,1,0
http://blackroofing.com/contact-us/,1,0
https://blackroofing.com/our-people/,0,1
https://ballseed.com/ContactUs/,1,0
https://www.aspenartmuseum.org/about/staff,0,1
http://correlationvc.com/contact,1,1
https://www.moadsf.org/contact/,1,0
https://www.moadsf.org/about-us/our-staff/,0,1
http://mocc.pnca.edu/visit/c/directions,1,0
https://redpeg.com/people/,0,1
https://www.agventure.com/contact,1,0
https://www.agventure.com/about/management-team,0,1
http://www.alliant-inc.com/contact-us/,1,0
http://www.alliant-inc.com/about-us/our-team/,0,1
https://doremus.com/contact/,1,0
https://doremus.com/team/,0,1
https://correlationvc.com/contact,1,0
https://correlationvc.com/team,0,1
https://agreserves.com/contact.html,1,0
http://www.hosa.com/contact-us/,1,0
https://500.co/team/,0,1
http://www.hellommc.com/connect/,1,1
http://www.hellommc.com/who-we-are/team/,0,1
https://www.museumfoundation.org/staff/,0,1
http://www.tbc.us/contact.php,1,0
https://www.emkay.com/contact,1,0
https://www.emkay.com/about#leadership-team,0,1
https://www.alsop-louie.com/contact/,1,0
https://www.alsop-louie.com/team/,0,1
http://ascenthealth.com/leadership.php,0,1
http://ascenthealth.com/contact.php,1,0
http://oncologyconvergence.com/contact-us/,1,1
https://oncologyconvergence.com/about-us/,0,1
https://www.ssrx.com/executiveteam/,0,1
https://www.ssrx.com/locations/,1,0
http://www.armcopartners.com/contact,1,0
https://www.armcopartners.com/leadership/,0,1
http://benchmarkbillingsolutions.com/contact-us.php,1,0
http://www.cntinfotech.com/about-us-contact-us.htm,1,0
http://www.cntinfotech.com/about-us-leadership-team.htm,0,1
http://healthpromedical.com/contact-us/,1,0
http://healthpromedical.com/about-us/management-team/,0,1
https://www.healthreconconnect.com/contact-us/,1,0
https://www.mdassociatesinc.com/contact-us/,1,0
http://www.medivancebilling.com/about-us/executive-team/,0,1
http://www.msmedcon.com/contact-us/,1,0
http://www.noworldborders.com/contact/,1,0
https://www.rennovahealth.com/contact/locations,1,0
https://www.rennovahealth.com/about/corporate,0,1
http://sajix.com/aboutus.php?page=executiveteam,1,0
http://sajix.com/contact.php,0,1
